{"name": "Brand New on Tour", "artist": "Brand New", "artistinfo": "Brand New is an American rock band from Long Island, New York. Formed in 2000, the band consists of Jesse Lacey (vocals, guitar), Vincent Accardi (guitar, vocals), Garrett Tierney (bass guitar, vocals), and Brian Lane (drums, percussion); they are joined by Benjamin Homola (percussion) and Kevin Devine (guitar, vocals) for their live performances. From 2005 until 2013 the band also included Derrick Sherman (guitar, backing vocals, keyboards). In the late 1990s, Jesse Lacey, Garrett Tierney and Brian Lane were all members of the band The Rookie Lot. They eventually split off from the other members of the group, and in 2000 formed Brand New in Merrick, New York. The band signed to Triple Crown Records and in 2001 released their debut studio album, Your Favorite Weapon. Their second album, Deja Entendu, was released in 2003 and marked a stylistic change for the band, one that garnered an extremely positive critical reception. The album's first two singles, ‘The Quiet Things That No One Ever Knows’ and ‘Sic Transit Gloria... Glory Fades’, both received airplay on MTV2 and Fuse TV, entering the top 40 on the United Kingdom Singles Chart. Deja Entendu was eventually certified gold in the United States. Brand New moved to Interscope Records and released the critically acclaimed The Devil and God Are Raging Inside Me in 2006. ‘Jesus Christ’ became their highest charting single in the US, peaking at number 30 on the Alternative Songs chart. In March 2008, the band started their own record label, named Procrastinate! Music Traitors. Their fourth album, Daisy, was released in 2009 and became their highest charting album in the US, reaching number six on the Billboard 200. The band have been working on new material for some time, releasing new single ‘Mene’ in April 2015 followed by ‘I Am a Nightmare’ a year later in May 2016. Recent T-shirt designs and lyric book inserts hint at the band possibly breaking up in 2018. On August 17, 2017, the band released their fifth album Science Fiction, two days after announcing its release on vinyl, to critical acclaim and commercial success, becoming Brand New's first number-one album on the Billboard 200.", "album": "Your Favorite Weapon", "description": "Brand New is most often described as alternative rock, indie rock, post-hardcore, emo, and pop punk. The band shares a strong interest in a wide variety of bands, from pop and rock such as The Beach Boys, Squeeze and The Cars, to more contemporary acts such as Weezer, Lifetime, Pearl Jam, Foo Fighters, Sunny Day Real Estate, Neutral Milk Hotel, Oasis, Kevin Devine, Radiohead, and the Buzzcocks. Frontman Jesse Lacey is also known for his fondness for Built to Spill, Modest Mouse, The Smiths, and Morrissey. Brand New have been recognized as one of the most beloved and important bands of the emo genre. Their enduring following, described as ‘cult-like’, is notable in that their fanbase and legacy have continuously remained strong throughout their entire career whereas other bands from the 2000s emo scene have faded into obscurity. They have been widely praised by critics for creating artistic statements with their music instead of aiming for mainstream success like many of their contemporaries did. Ian Cohen of Pitchfork remarked, ‘popular guitar music in 2017 has been undeniably shaped by Brand New, a band who has served not just as damaged role models but as a formative musical influence.’ Spin declared that ‘Brand New didn’t just became a band, they became a lifeline and sanctuary for thousands upon thousands of messed-up kids.’ Ryan Bassil of Noisey declared Brand New ‘to be crowned the best band of a generation.’ Music writers have credited the eight-year gap between 2009's Daisy and 2017's Science Fiction as essential for the growth of Brand New's legacy in the music world. Musicians influenced by Brand New include Manchester Orchestra, mewithoutYou, Seether, Citizen, Sorority Noise, and Lil Peep.", "venue": "Klipsch Music Center", "startdate": "08/08/2017", "enddate": "11/16/2017"}