{"name": "Bruno Mars: 24K Magic World Tour", "artist": "Bruno Mars", "artistinfo": "Many of his songs, particularly on Doo-Wops & Hooligans, reflect 'feel-good', carefree, and optimistic sentiments. However, darker subjects are addressed in his songs, detailing failed relationships and self-destructive behavior. His third album, 24K Magic, is significantly influence by R&B, soul music and funk. Artists that are considered to be similar to Bruno Mars include OneRepublic, Justin Bieber, Beyonce, Maroon 5, Missy Elliot, Pharrell Williams and many more.", "album": "24K Magic", "description": "The consummate performer never ceases to blow audiences away with his live performance offerings be it at the Super Bowl half-time show or during awards ceremonies, and his concerts are no exception as he engages his audiences in a full-on dance party. Bruno Mars and the Hooligans, stepping out in technicolor style with color coordinated baseball jerseys and matching track pants, were welcomed on stage to deafening applause and cheers which never relented. A crew of vocal beasts, incredible instrumentalists and dance machines, the Hooligan crew over delivered in providing the entertainer factor throughout the entire evening. To promote and showcase 24K Magic, the retro-soul throwback to old school R&B and funky fresh beats, Mars performed nearly all of the tracks from his latest album. Upon taking over the stage with finesse and conjuring up a dynamic dosage of 24K Magic in the air, Mars continued to up the ante with fun, up-tempo jams like Perm, Chunky and That’s What I Like before slowing things down a few notches with the smooth grooves Calling All My Lovelies, Straight Up & Down and the tantalizing Versace On The Floor. Also appearing on the set list were mega hits and fan favorites such as Treasure, Marry You, Runaway Baby, Just The Way You Are, and Locked Out Of Heaven. Two highlights from this selection were the wistful and stunning ballad When I Was Your Man from Unorthodox Jukebox and the dark and fiery rendition of Grenade from Doo-Wops & Hooligans. True to the go big or go home philosophy, the 24K Magic tour went all out in terms of production value. Along with the brightly colored visuals and moving stage elements, the show had firecrackers, pyrotechnics, strobe lights and laser effects synchronized to the beats. The seamlessness of the flow between the production and the music felt like being involved in a series of live music videos. During the encore of his biggest hit, Uptown Funk, the audience was showered with a storm of gold confetti and danced and sang like there was no tomorrow. By the time the firemen appeared on stage to wrap up the festivities, fans were feeling hashtag blessed and were already counting down the days to the next tour with the coolest man in showbiz.", "venue":"Madison Square Gareden", "startdate": "03/28/2017", "enddate": "05/09/2018"}