{"name": "Cold Play: A Head Full of Dreams Tour", "artist": "Cold Play", "artistinfo": "After surfacing in 2000 with the breakthrough single ‘Yellow’, Coldplay quickly became one of the biggest bands of the new millennium, honing a mix of introspective Brit-pop and anthemic rock that landed the British quartet a near-permanent residence on record charts worldwide. The group's emergence was perfectly timed; Radiohead had just released the overly cerebral Kid A, while Oasis had ditched two founding members and embraced psychedelic experimentation on Standing on the Shoulder of Giants. Audiences were hungry for a fresh-faced rock band with big aspirations and an even bigger sound, and Coldplay were more than happy to take the reins. Parachutes went multi-platinum in several countries and earned the band its first Grammy, but Coldplay continued to grow into the 2000s, topping their debut album's success with higher record sales and an increased public profile. Became famous for Something Just Like This - which became huge thanks to the Chainsmokers. Considered to be similar to other artists such as Adele, Snow Patrol, U2, and many others.", "album": "A Head Full of Dreams", "description": "The A Head Full of Dreams Tour is the seventh concert tour currently being undertaken by British alternative rock band Coldplay, launched in support of their namesake seventh studio album A Head Full of Dreams. Due to phenomenal demand, Coldplay has added three extra dates to the 2017 North American stadium and arena run for its award-winning A Head Full Of Dreams Tour, which will feature the band's first Canadian dates in five years. Since March of this year, the A Head Full Of Dreams Tour, produced by Live Nation Entertainment, has played to 2.5 million people across Latin America, the U.S. and Europe. The show was created by the band alongside celebrated production designers Misty Buckley and Paul Normandale. The tour reaches Australia and New Zealand in December. A Head Full Of Dreams has sold more than five million copies since its December 2015 release. The videos for the album's hit singles – Adventure Of A Lifetime, Hymn For The Weekend and Up&Up – have more than a billion YouTube video views combined. The band has won seven GRAMMY awards to date. Global inclusion and positivity is the central theme of the British quartet’s tour, a vibe concert-goers feel immediately as they enter the stadium and are provided with LED wristbands and a gift from the band, a button that reads Love. Shortly before Coldplay, consisting of frontman Chris Martin, guitarist Jonny Buckland, bassist Guy Berryman and drummer Will Champion, hit the stage, the venue was filled with the sounds of a Puccini aria sung by Miriam Gauci. A digital roadmap of every country the band has visited so far, beginning in South America, through Europe, England and now America, filled the screens, accompanied by video of local fans proudly holding their respective flags and introducing the rockers in their native languages. Coldplay just wrapped an extensive U.K. and European tour, including four sold-out nights at Wembley Stadium. Coldplay then began the show in spectacular fashion, launching into the track A Head Full of Dreams with an explosion of effects usually reserved for a concert finale. As Martin leaped onto a constructed 50-yard runway, confetti cannons blasted the audience with a wide array of color (in a brilliant twist later, the confetti took on different forms, shaped like birds and stars) into the night as the wristbands lit up in red and fireworks blazed into the sky. The wristband lights -- controlled by backstage wizards timing the lights to the music -- shifted for each song, predictably shining yellow for the song, Yellow, but in other instances turned MetLife Stadium into Christmas in July with varying hues. A Head Full of Dreams is Coldplays chance to reassert the eager-to-please exuberance that Ghost Stories deliberately downplayed, and prove that Adele isn’t the only artist who can mobilize a monoculture in 2015. Though written off by detractors as middle of the road, Coldplay’s centrist position is what ultimately makes them so singular—they’re the only rock band that could (and would want to) wrangle Beyoncé, Noel Gallagher, Tove Lo, Norwegian Top 40 architects Stargate, Kendrick Lamar producer Daniel Green, alt-rock lifer Nik Simpson, and Gimme Shelter scene-stealer Merry Clayton on the same record. A Head Full of Dreams is emblematic of Coldplay’s burning desire to be all things to all people, rolling up symphonic Britpop bluster, club-thumping bangers, dentist-office soft rock, finger-snapping R&B, and even some trippy touches that remind you of a time when this band just wanted to be as popular as Mercury Rev. But the album has bigger ambitions. By weaving a spoken-word reading of an inspirational 13th-century Persian poem and a sample of Barack Obama reciting Amazing Grace into the mix, the album essentially conflates Martin’s post-rebound optimism with an all-encompassing, heal-the-world mission. His relentless need to take us higher feels most genuine when we get a sense of what got him so low in the first place. Everglow and the Tove Lo collab Fun bring ultimate closure to the Gwyneth saga with a pledge to enduring friendship (and, to prove it, the former track features Martins ex on backing vocals). And despite bearing a title that isn’t going to dispel their poor-mans U2 rep, Amazing Day is a sweet ode to blossoming, post-divorce romance that channels the winsome charm of early singles like Shiver. Best of all is Birds, a shot of taut, Phoenix-styled motorik pop that provides a rare moment of intensity on an album that’s all about arm-swaying, Super Bowl-crashing bombast.", "venue": "PPG Paints Arena", "startdate": "08/18/2015", "enddate": "11/15/2017"}