{"venue_id": "1151", "venue_name": "Gorge Amphitheatre", "city": "George", "state": "WA", "latitude": "47.0959472", "longitude":"-119.982652", "venue_description":"The Gorge Amphitheatre is a 27,500-seat outdoor concert venue near the Columbia River in George, Washington managed by Live Nation. According to The Wall Street Journal, the Gorge is considered one of the most scenic concert locations in the world. It is a nine-time winner of Pollstar Magazine's award for 'Best Outdoor Music Venue' and was voted as one of the 'Best Outdoor Concert Venues in America' by ConcertBoom."}