{"venue_id": "33", "venue_name": "Hollywood Casino Amphitheatre", "city": "Tinley Park", "state": "IL", "latitude": "41.5426094", "longitude":"-87.7711753", "venue_description": "Hollywood Casino Amphitheatre (originally World Music Theatre and formerly New World Music Theatre, Tweeter Center and First Midwest Bank Amphitheatre) is an outdoor music venue located in Tinley Park, Illinois that opened in 1990. It is one of the largest music venues in the Chicago area, with a capacity of up to 28,000 spectators; 11,000 reserved seats, 17,000 lawn seats. It is a venue pulling fans from the city of Chicago, as well as surrounding suburbs and neighboring states. It is one of only a few large outdoor amphitheatres in the Chicago area. Nederlander Concerts and Jam Productions co-managed the venue from 1994 to 1999. Hollywood Casino acquired the naming rights, beginning in 2015. The venue is owned by Live Nation."}