{"name": "Janet Jackson: State of the World Tour", "artist": "Janet Jackson", "artistinfo": "Janet Jackson didn't merely emerge from the shadows of her famous brothers to become a superstar in her own right. Starting with her breakout 1986 album Control, she became one of the biggest pop stars of the 80s. Through the early 2000s, she was able to maintain her stature with impeccable quality control and stylistic evolution. Her singles, expertly crafted with indelible pop hooks and state-of-the-art production, consistently set or kept up with trends in contemporary R&B, demonstrated by an exceptional run of Top 20 R&B singles that spans over 30 years. From platinum album to platinum album, Jackson's image smoothly shifted as it projected power and independence. In turn, she inspired the likes of TLC, Aaliyah, Beyoncé, Britney Spears, and Rihanna, all of whom learned a few things from her recordings, videos, and performances. Those that are Janet Jackson fans also prefer other R&B artists such as Jennifer Lopez, Usher, Paula Abdul, and many others.", "album": "Unbreakable", "description": "The State of the World Tour is the eighth concert tour by American recording artist Janet Jackson. Launched in promotion of her eleventh studio album Unbreakable (2015), the tour is produced by Live Nation and is under the creative direction of Gil Duldulao. Announced in May 2017 as a 56-city North American trek visiting the United States and Canada, it is a continuation of the Unbreakable World Tour, which was postponed in 2016 due to Jacksons pregnancy. Tickets originally purchased for the Unbreakable World Tour were honored with new concert dates under the revamped State of the World Tour. The theme of the tour was altered to reflect socially conscious messages from Jacksons entire music catalog. The revised name of the tour is taken from her 1991 single State of the World, released from her fourth studio album Janet Jacksons Rhythm Nation 1814 (1989). The tour was advertised on social media with socially conscious lyrics quoted from studio albums Rhythm Nation 1814, Janet (1993), The Velvet Rope (1997) and Unbreakable. A number of songs selected for the concert set list, along with corresponding imagery depicted on stage, address racism, white supremacy, homophobia, fascism, xenophobia, domestic violence and police brutality. The concert opens with a video reel denouncing white supremacy, right-wing extremism, domestic terrorism and police brutality. Names of unarmed black men killed by police which drew national attention with the Black Lives Matter movement, as well as the deadly violence surrounding the 2017 Unite the Right rally in Charlottesville, Virginia were depicted in the video. As Jordan Darville of The Fader observes: The one-minute video introduction starts by naming unarmed black men who were killed by police officers: Eric Garner, Michael Brown, and Jonathan Ferrell. Then, we hear audio clips of television personalities and protestors explaining the threats of white supremacy, privilege, and inequality. The message is a vital one: The Center for Investigative reporting has shared an analysis of domestic terrorism in the United States spanning nine years, and found that right-wing extremists were responsible for twice as many violent attacks compared to Islamic extremists. According to StubHub, the State of the World Tour ranks as one of the top 10 most in-demand concert tours for the fall of 2017. The tour opened to positive critical reception, with several commentators praising Jacksons post-pregnancy physical fitness, showmanship and socially conscious messages. Her emotional rendition of What About, a song concerning domestic violence originally recorded for The Velvet Rope, drew media attention highlighting her recent separation from her third husband Wissam Al Mana; Jacksons brother Randy alleges she suffered verbal abuse by Al Mana which contributed to the breakdown of their marriage. In his review for the Houston Chronical, Joey Guerra wrote that Janet Jackson is at her absolute best, and largely unparalleled in pop music, when she funnels direct, declarative messages into her songs, citing numerous hits from her catalog. He considered Rhythm Nation a highlight of the show, which resonates even more today in a world seemingly gone mad[.]Brandon Caldwell of the Houston Press reported that Jacksons denouncement of police brutality and white supremacy, as well as her dance-driven classic hits elated the crowd. For two hours on Saturday night, he wrote, it felt right to go through the eras with Janet. The liberating janet. years, the rhythm-driven arcs of Control and even the current Unbreakable album. Fan footage shows a video that condemned domestic terrorism, fascism, white supremacy while honoring victims of fatal police encounters like Eric Garner, Michael Brown, and Jonathan Ferrell. Similar clips were previously uploaded to her Instagram account as a teaser for the concert. While taping into the Rhythm Nation-era, Janet sported several 90s inspired looks that flaunted her post-baby figure. The 51-year-old gave birth to her first child, Eissa in January. Because of life changes, the singer was left to reschedule the second leg of the tour. Its clear a new wave of inspiration hit the singer as the dance numbers, flawless looks and new confidence breathed new life into her Thursday show.", "venue": "Radio City Music Hall", "startdate": "09/07/2017", "enddate": "12/17/2017"}