{"name": "Jason Aldean: They Dont Know Tour", "artist": "Jason Aldean", "artistinfo": "A Macon, Georgia-born singer/songwriter, Jason Aldean quietly turned into a genuine country superstar in the back half of the 2000s. His parents separated when he was three years old, and he spent his childhood with his mother in Macon through the school year while spending the summers with his father in Homestead, Florida. Early on, he fell under the spell of country music and made his first public appearance as a singer at a VFW hall in Macon when he was 14 years old. Soon he was a regular at area talent contests, and a year later he joined the house band at Nashville South in Macon. Aldean began pursuing a music career on a full-time basis following his graduation from high school and, with his father as a booking agent, was soon gigging in college towns throughout the Southeast and up and down the Eastern Seaboard. Artists that are similar to Jason Aldean include Luke Bryan, Eric Church, Thomas Rhett, Florida Georgia Line, Carrie Underwood, Blake Shelton, and a long list of others.", "album": "They Dont Know", "description": "They Dont Know is the seventh studio album by American country music artist Jason Aldean. It was released on September 9, 2016 via Broken Bow Records. Its lead single, Lights Come On, was released on April 1, 2016 and has reached number one on the Country Airplay chart.[1] The albums second single, A Little More Summertime, was released on July 15, 2016. The albums third single, Any Ol Barstool, was released on December 5, 2016. The albums fourth and final single, the title track of the same name, was sent to country radio in April 2017 with an add date of May 8, 2017. They Dont Know debuted at number one on the Billboard 200, becoming Aldeans third album to top the chart.[2] It earned 138,000 album-equivalent units, of which 131,000 were album sales.[2] The album has sold 407,000 copies in the United States as of August 2017. But from then on it was nothing but hits, and Aldean has a lot of them to lean on. With his last single Any Ol Barstool hitting No. 1, the Georgia native now has 18 chart-toppers, plenty of material to create that range of emotions he strives for in his shows. There were fist-pumping jams like The Only Way I Know, Gonna Know We Were Here, and Take a Little Ride. Then Aldean brought it down a little with A Little More Summertime, Any Ol Barstool, then right back up again with When She Says Baby and Crazy Town. It was a tremendously paced show and for the first night of a tour, there were no noticeable hiccups. The crowd got a little bit of everything, including an introduction to Brown, a 23-year-old up-and-comer from Georgia who got the singing bug by winning his 11th grade talent competition, in which he sang Youngs Gettin You Home (The Black Dress Song). Brown later became a social media star, and still has millions of followers on Facebook. He got noticed by RCA Nashville through his online popularity. He posted several videos for cover songs, including him performing George Straits Check Yes or No. That video was viewed more than 7 million times. Thursday night, Toledo got to hear seven of his songs, including the popular Used to Love You Sober. Young had more than a few female admirers in the crowd, and he did what he does best - sing. Young too was discovered in an unorthodox way. He was the winner of the 2006 Nashville Star singing competition on the USA Network. The man can absolutely sing, and he showed off his array of ballads in a 14-song set, including his sexy Gettin You Home and Who I Am with You. His ballad-driven style is a stark contrast to the hard-charging Aldean. But the pair are good friends and have previously teamed up on tour, and there were no women complaining Thursday night that Young, Country Weeklys previous Country musics hottest bachelor, is along this summer. But there was little doubt who the star of the show was in Toledo. As Aldean said, he didnt do much talking, but he knows how to entertain, and it was obvious that he had a lot of pent-up energy from six months of barbecues and relaxing at his ranch near Nashville. He stomped around the stage, slapping as many hands as he could reach, and often racing from one microphone to another. There was no telling that the Broken Bow Records headliner and former delivery truck driver just turned 40 on Feb. 28. He joked recently that he needs to watch what he eats a little more, and he aches sometimes when he gets out of bed, but he still feels like he has the energy level of a younger man. At one point, it looked as though Aldean may have hit a wall and burned all the energy in his tank, but he caught a second wind with Hicktown. Its hard to believe that Hicktown was his first single 12 years ago and that it only reached No. 10 on the charts. It is still one of his most popular songs, and Thursday night the crowd roared and sang along as the guitars screamed and fire blasted from the corner of the stage. That song flowed naturally into Aldeans tribute to country rock, Lights Come On, then into his rap/country favorite Dirt Road Anthem. Aldean freely admits that he isnt the best singer in the business, but he has a wide range of vocal skills that are perfect in a concert setting: hes a rocker, rapper, balladeer, even a traditional country artist who spotlights a steel guitarist in his band. Jason Aldean can party as hard as his buddies in Florida Georgia Line, who wrote his seventh albums lead single, Lights Come On, about the thrill of a blue-collar work week ending and a country music show starting. But where those bros can be frisky and footloose, Aldeans drawl is unrelentingly gruff and determined. That delivery generates some sexual urgency when hes making a move on songs like Comin in Hot and Bad, and adds a little emotional heft to the title tracks defense of small towns. But with not much left of the hick-hop swagger and EDM effects that once livened his muscular arena-rock, Aldean thumps along too often with mere dutiful competence.", "venue": "Jones Beach", "startdate": "01/20/2017", "enddate": "12/17/2017"}