{"venue_id": "390", "venue_name": "Northwell Health at Jones Beach Theater", "city": "Wantagh", "state": "NY", "latitude": "40.6014755", "longitude":"-73.5023618", "venue_description": "Northwell Health at Jones Beach Theater (originally Jones Beach Marine Theater) is an outdoor amphitheatre at Jones Beach State Park in Wantagh, New York. It is one of two major outdoor arenas in the New York metropolitan area, along with PNC Bank Arts Center. The theater was designed to specifications provided by Robert Moses, who created Jones Beach State Park."}