{"name": "Katy Perry: Witness World Tour", "artist": "Katie Perry", "artistinfo": "Brandishing a wink, a coo, and cleavage with the aplomb of an assassin, Katy Perry created a distinctly new millennial pop persona, a Disney princess as imagined by Madonna. Flirty and bodacious, Perry sometimes skirted with taboos. She sneered on her first single ‘Ur So Gay’, she gasped ‘I Kissed a Girl’ and she liked it -- and that willingness to be controversial certainly put her on the pop culture radar, but the reason she stayed there was her knack for blending classic pop conventions with new trends. This talent reached its apex on 2010's Teenage Dream, a blockbuster sophomore set that generated hits as diverse as its dreamily romantic title track, the cotton-candy summertime pop ‘California Gurls’ and steely EDM variant ‘Firework’ but she was canny enough to temper some of her crazy moves as her career progressed, transforming herself from the naughty cousin into an admirable big sister. Other artists that are comparable to Katy Perry include Madonna, Fergie, Taylor Swift, Ellie Goulding, Demi Lovato, Ariana Grande.", "album": "Witness", "description": "Witness is the confessional album the world has been waiting for Katy Perry to make. And her admission is this, she is indomitable and awesome. In Hey Hey Hey, one of the leadoff tracks, the singer positions herself like a seasoned PR pro. She’s a hot little hurricane, cause I’m feminine and soft, but Im still a boss… Marilyn Monroe in a monster truck… I smell like a rose and I pierce like a thorn… The message is clear, Perry may get off on playing with the archetype of the fleshy pinup girl, but underneath it all, she wants you to know she has a six-pack hard-body soul. The braggadocio comes front-loaded as, minutes later, in the single Swish Swish, Perry’s indulging in tag-team temerity with guest rapper Nicki Minaj. Though this was rumored to be a mutual Taylor Swift diss track, it’s less about subtext, and more of a general superiority complex at play here, I’m a courtside killer queen, and you will kiss the ring, snaps Perry. Witness is by far Perry’s most electronic album, ready to wear cuts for the clubs, minimal remixing required, but for the thump-thump-thump pop radio of 2017, not the ages. Producer Dr. Luke, the previous mainstay of her career, is gone, and with him the slight rock edge he brought to guitar-driven tracks like Teenage Dream. The only holdover from her previous hits at all, at least for more than a song, is executive producer Max Martin. He brings his B plus game to the five tracks he takes a primary producer credit on. But it’s not until the penultimate track, when Jeff Bhasker (currently a hero for his Harry Styles sonic makeover) steps in for one lone track, the infectious Pendulum, that your ears perk up, because it has some swing to the rhythm and, with a real bass player and choir, sounds like it was actually touched by human hands. There is fun to be had here. If you do not chuckle involuntarily over at least some of the over-the-top oral-sex metaphors of Bon Apetit, there is a good chance Perry’s dad is your pastor. (The less ludicrous female-sexuality symbolism of Tsunami sounds like something Prince would have made Vanity cut as a B-side.) The more earnest stuff that comes to dominate the second half is a mixed bag: Save as Draft is a fine warning not to email under the influence of obsession. But maybe she should have killed-as-draft the mawkishness of Into Me You See, or returned it to its apparent original author, Yoda. Working with super-producer Max Martin and a list of modern cool kids (Duke Dumont, Jack Garratt, Corin Roddick of synth-pop band Purity Ring), Witness is a mish-mash of electronic-leaning pop: the currently trendy revival of British 2-step (Witness), a dancehall/disco smash-up (Chained to the Rhythm), fake Sam Smith (Save as Draft) and a look back on vintage early-Nineties house music (Swish) that jacks the same Roland Clark sample that Fatboy Slim did in 2000. Throughout, Perry is less like the so-unusual, candy-coated Cyndi Lauper of Teenage Dream, and is more an anonymous disco crooner, a breathy moderator leading us through passionate but muted songs of longing and empowerment. A brassy voice that once held long notes and sang lines like I am a champion is now devoured in effects and reverb, rarely reaching the excited joy of punkier electronic-poppers like Robyn, Charli XCX or even recent singles from Lorde. The exceptions are Roulette, an explosive EDM Eurythmics update (produced by Martin and Shellback), and the gospel-choir-assisted Pendulum, which brings a vintage Perry vocal performance to some late-Eighties filigrees by Kanye producer Jeff Bhasker. But her advice in that song doubles as a criticism: Don't try and reinvent your wheel, Cause you’re too original.", "venue": "Radio City Music Hall", "startdate": "09/19/2017", "enddate": "08/21/2018"}