{"name": "Lady Gaga: Joanne World Tour", "artist": "Lady Gaga", "artistinfo": "Glamorously gaudy, a self-made postmodern diva stitched together from elements of Madonna, David Bowie, and Freddie Mercury, Lady Gaga was the first true millennial superstar. Mastering the constant connection of the Internet era, Gaga generated countless mini-sensations through her style, her videos, and her music, cultivating a devoted audience she dubbed 'Little Monsters.' But it wasn't just a cult that turned her 2008 manifesto The Fame into a self-fulfilling prophecy: Gaga crossed over into the mainstream, ushering out one pop epoch and kick-starting a new one, quickly making such turn-of-the-century stars as Christina Aguilera and Britney Spears seem old-fashioned, quite a trick for any artist to pull off, but especially impressive for an artist who specialized in repurposing the past -- particularly the '80s -- for present use, creating sustainable pop for a digital world. Lady Gaga is known for her Pop, Rock music.", "album": "Joanne", "description": "The Joanne World Tour is the fifth headlining concert tour by American singer Lady Gaga, in support of her fifth studio album, Joanne. It began on August 1, 2017, in Vancouver, Canada and is scheduled to conclude in 2018 in Europe. The Joanne World Tour plans had to be put on hold temporarily for the Coachella rehearsals. However, its concept was in development since the Super Bowl and rehearsals started after Gaga finished filming for A Star Is Born, her first lead role as an actress. By July 2017, Gaga told Billboard magazine that she and her team were discussing the song selection process as well as where all they would want choreography in the show. She confirmed her plans of releasing more music on tour, like standalone single The Cure, which was released following the first Coachella performance. Gaga had also planned to play another Dive Bar stop at Las Vegas in July 2017 before kicking off the tour. The singer explained that she wanted to have a slowed-down section during the Joanne World Tour, so that she was able to really connect with each person in the most intimate way that I can, like it would be in a dive bar. She also wanted to honor the victims of the 2017 Manchester Arena bombing, which had happened in May 2017, on every show of the tour. The show begins with a performance of Diamond Heart with Gaga on a raised platform with a microphone stand. Following this she moves on to sing A-Yo. The show then continues with a choreographed performance of Poker Face with her dancers clad in black cowboy-style leather costumes. The first act of the show is concluded by Perfect Illusion, followed by a video interlude which shows Gaga driving a vintage convertible letting out pink smoke. John Wayne is performed with pyrotechnic effects alongside her dancers. This is followed by Scheiße performed on the raised platforms. After a solo performance of Alejandro, Gaga leaves the stage for a costume change. Following another video interlude Gaga appears onstage playing her keytar to Just Dance. LoveGame and Telephone follows the performance, the former using her characteristic disco-stick. After Applause Gaga gives a speech to the crowd and then starts singing Come to Mama and The Edge of Glory on a piano. Changing into a ball gown Gaga performs Born This Way accompanied by colorful lighting effects. After another video interlude, Gaga returns to sing Bloody Mary in a puffer coat red dress, which is changed into a red bodysuit for Dancin in Circles. Gaga then performs Paparazzi portraying a choreographed battle onstage, showing someone stalked and murdered. Ambulance sirens are heard and a cross with a red and blue background is displayed as one of the pods are lifted, containing her. The show then shifts into Angel Down as the pod that contained Gaga, now in a white fringe blazer and a brownish hat with a feather, is lowered halfway. Gaga then goes down to the platform to tell the audience a story about her late aunt, Joanne Germanotta, before sitting down on a stool, guitar in-hand to perform the album title track. The final segment begins with Bad Romance, with Gaga and her dancers all decked in white, followed by The Cure with full choreography. She takes a bow and leaves the stage, only to return a few minutes later for the encore, wearing a long silver sparkling jacket paired with the signature pink hat. Million Reasons is sang on piano, with the singer standing atop it and the show ends following the encore. Tom Murray from the Edmonton Journal was very positive in his review, saying that a big, over-the-top assault on the senses, Gagas Joanne World Tour is as impressive as an arena show gets, with a dramatic arc that hinges as much on the singers charisma and vocal skills as it does any of the special effects. Alex Stedman for Variety stated: Lady Gaga can do more than your average pop star. (...) Though theres much to be said about Gagas unfaltering vocals and high-energy showmanship, its also worth noting one of the most impressive parts of the show: the set. In another positive review, Las Vegas Weeklys Josh Bell wrote: Even as Lady Gagas studio albums have become more scattered and uneven, she remains a fantastic live act, distilling the best of her music, her fashion sense, her vocal skills and her charismatic personality into a two-hour stage spectacle. and praising Gaga for being the centerpiece of this big production: Gaga herself remained the most mesmerizing part of an impressively crafted show. Reviewing the Fenway Park show from September 1, Brett Milano from Boston Herald praised Gagas voice: Shes a remarkable singer, equally at home with blue-eyed soul, hard-edged dance tunes and torchy cabaret numbers. (...) There wasnt a bit of evident lip-synching during last nights show and for mainstream pop artists at superstar level, thats a pretty big exception to the rule. The show suggested that her career may be moving into a less flashy, more intimate phase — but last night she brought it all, the cheap thrills and the underlying heart. Jon Carmanica from The New York Times felt that the first part of the show was disjointed, shifting styles and attitudes seemingly at random, but Gaga later struck a rhythm. He further complimented the piano sessions, writing that Gaga was at home with the instrument. Selena Fragassi from Chicago Sun-Times complimented the set design, the costumes, and Gagas nearly pitch-perfect vocals, saying that the show is just another testament to Gagas star power. However, she was critical of Gagas dancing abilities, saying that the singer, though, was a shadow of her former dancing self, relying on years-old choreography and struggling to keep her balance on Bad Romance.Similarly, Mikael Wood from Los Angeles Times believed that the ballad performances were the concerts highlight, adding that shes begun to tire of carefully synchronizing all those moving parts. In busy old hits like LoveGame and Telephone, Lady Gaga put across little visible excitement. Joanne is Lady Gagas best album in five years, since the disco-stick hair-metal manifesto that was Born This Way. In her quest to master all pop spectacle – hit singles, scandalous TV stunts, The Sound of Music medleys at award shows – Gagas been too restless to slow down for albums. Or maybe after she hit it so far out of the park with Born This Way, she figured album-making was a party trick shed already done. Her Tony Bennett duet was a clever rebranding Hail Mary after her overheated yet practically song-free fiasco Artpop. But Born This Way was the one moment she hit the longform glory of album auteurs like Kanye, Beyoncé or Taylor. With Joanne, Gaga starts over with music that feels stripped-down, restrained, modest and other adjectives that you wouldnt usually associate with her. Its an old-school Nineties soft-rock album, heavy on the acoustic guitar: Meet Lilith Gaga, who goes for both the incense-and-patchouli hippie vibe of Sarah McLachlan and the cowgirl glitter of Shania Twain. And for anyone out there who might carry a torch for Paula Cole, theres John Wayne, where Gaga wonders where all the cowboys have gone. Earth Mama Monster mutes any trace of disco or glam – the giveaway is her ostentatiously squeaky fingers on the guitar strings in Joanne, a touching ballad mourning her deceased aunt. It works best when Gaga gets some grit into the songwriting, especially the hands-down highlight Sinners Prayer, a faux-country family melodrama where she wails, I dont wanna break the heart of any other man but you – its her kissing cousin to Beyonces Daddy Lessons. She co-wrote it with Father John Misty – bet hes the one who added those Wowie Zowie guitar hooks. Another oddball peak is her Florence Welch duet Hey Girl, a tribute to Prince in lovesick midtempo mode – it could be a lost B-side from between between Around The World in a Day and Parade. Gaga gets understated production from Mark Ronson and guests like Tame Impalas Kevin Parker or Queens of the Stone Ages Josh Homme, who adds guitar to John Wayne and Diamond Heart. Theres no move to the dance floor – the nearest she comes is A-Yo, a taste of Motown handclaps and dirty talk, or Dancin in Circles, a reggae ode to she-bopping co-written by Beck that sounds like a No Doubt cover band whod call themselves Spiderwebs or Hella Good. She also avoids cracking any jokes, which is a loss, since Joanne really falls flat when she gets solemn. Angel Down reminds you what a fine job Jewel used to do, opening with the self-parodic announcement I confess I am lost in the age of the social, before musing, We all belong in the arms of the sacred. With Perfect Illusion already fizzling as a single, the time is right for Gaga to reclaim some luster as an album artist – for all its hits and misses, Joanne is a welcome reminder of why the world needs her around.", "venue": "Hollywood Casino Amphitheatre", "startdate": "08/01/2017", "enddate": "12/18/2017"}