{"name": "Lil Wayne at Drai's Nightclub", "artist": "Lil Wayne", "artistinfo": "Lil Wayne is a Grammy Award-winning rapper known for his hit albums, mixtapes and singles, including ‘A Milli’ and ‘Lollipop.’ Rapper Lil Wayne was born Dwayne Michael Carter Jr. on September 27, 1982, in New Orleans, Louisiana. Lil Wayne has been creating music since he was a child, and is considered among today's most talented rappers. He grew up in Hollygrove, one of New Orleans' poorest neighborhoods. Lil Wayne started rapping at the age of 8. He later met brothers Bryan and Slim Williams, the founders of Cash Money Records, who were impressed enough with his skills to give him one of their business cards. Ambitious, Wayne continued to call them until they took him under their wing and let him hang around the label's offices. One of his latest collabs includes 'Mirrors'. Wayne partnered with Bruno Mars for this unique single.", "album": "Multiple", "description": "Lineup features some of the biggest names in Hip-Hop today, Travis Scott, Lil Wayne, DJ Franzen, ScHoolBoy Q and a lot more!", "venue":"Shoreline Amphitheatre", "startdate": "10/21/2017", "enddate": "10/22/2017"}