{"name": "Louis the Child: Last to Leave Tour", "artist": "Louis the Child", "artistinfo": "Three years after meeting at a Madeon concert, the electronic pop production duo Louis the Child would open one of his shows. The Chicago-area pair -- born Robert 'Robby' David Hauldren and Frederic 'Freddy' Judson Kennett -- went to the same high school and had their own respective projects, but their paths never crossed. Hauldren manned the turntables as Haul Pass, while Kennett produced under the moniker Fatboy. After meeting on March 18, 2012 at that fateful Madeon set, the pair decided to join forces and start making music together, even though Kennett was wrapping up high school and Hauldren had just enrolled at the University of Southern California. They titled their debut EP Dimensions and would release a series of singles -- 'It's Strange' with K.Flay, 'Weekend' with Icona Pop, and 'Fire' with Evalyn -- in the years that followed. In addition to opening for Madeon in 2015, they also toured with the Chainsmokers, whose own brand of pop-minded electronic music mirrored Louis the Child's radio-friendly anthems. In 2016, the duo collaborated with New Orleans rapper Pell as Pellican Child, releasing the single 'Turn Me Down' from a joint EP that would arrive in 2017. That year, Louis the Child also released their Love Is Alive EP, a versatile set that featured the title track with guest vocalist Elohim and 'Phone Died' with rapper Blaise Railey.", "album": "Last to Leave", "description": "Now announcing their latest project, Louis The Child will be embarking on their nationwide ‘Last To Leave’ fall tour across North America. Bringing along a diverse medley of friends including Ashe, Prince Fox and Louis Futon as openers, their fall tour extends into mid-December where they will close out their last show in Los Angeles. Treating fans to an endless slew of remixes on their Soundcloud, the duo has released their latest production, a remix of Chance The Rapper’s ‘All Night’. Taking the originally additive pre-gaming anthem and adding their unprecedented touch to it, the boys have magically spun this release into an insta-pleaser. Experimenting with eclectic synths in combination with boosted percussion assemblages, the boys have once again hit the nail on the head with this release. Playing out this long-awaited remix in a variety of their live sets this summer, fans are finally able to listen to the full version on Soundcloud.", "venue": "Mattress Firm Amphitheatre", "startdate": "10/08/2017", "enddate": "12/16/2017"}