{"name": "Luis Fonsi: Love and Dance World Tour", "artist": "Luis Fonsi", "artistinfo": "Initially molded as a traditional Latin balladeer, one who sings romantic songs with much dramatic flair over sweeping string arrangements, Luis Fonsi enjoyed much success as such, though he began to break steadily from that mold, beginning with Paso a Paso in 2005, and enjoyed even greater success and more critical acclaim as a result. Born in Puerto Rico and raised in Orlando, Florida, Fonsi dove into show business at a young age, singing in a school vocal group called the Big Guys that also included future NSYNC star Joey Fatone. Following high school, Fonsi studied singing at Florida State University and scored a contract offer from Universal Latino. He debuted on Universal in 1998 with Comenzare, which did well, peaking at number 27 on Billboard's Top Latin Albums chart and spawning four hit singles: ‘Si Tu Quisieras’, ‘Perdóname’, ‘Dime Como’, and ‘Me Iré,’ His follow-up album, Eterno, released in 2000, did even better, peaking at number six on the Top Latin Albums chart and spawning another four hit singles, among them the chart-topping ‘Imaginame Sin Ti,’ And so it went for the next few years, with more releases and more commercial success. Amor Secreto topped the Latin album chart in 2002 and Abrazar la Vida came close in 2003, both of them carried by numerous hits. The only mishap for Fonsi during this remarkable run was an English-language crossover attempt, Fight the Feeling, that came and went very quickly in 2002, a clear miscalculation. Other international and latin artists that are similar to Luis Fonsi include Enrique Iglesias, Alejandro Sanz, and Ricky Martin.", "album": "Despacito", "description": "Fonsi announced the tour after his performance of Despacito at Late Night with Conan OBrien on June 12, 2017. The American leg of the tour will take Fonsi to major markets, including Los Angeles, Chicago, Atlanta and Las Vegas, with more cities and dates to be announced. The tour began on July 1 in Spain. It is a reggaeton-pop song composed in common time with lyrics about having a sexual relationship, performed in a smooth and romantic way. Commercially, the song topped the charts of 47 countries and reached the top 10 of ten others, making it both Fonsi and Daddy Yankees most successful single to date. It became the first song primarily in Spanish to top the Billboard Hot 100 since Macarena (Bayside Boys Mix) in 1996. The official video for Despacito on YouTube received its 1 billionth view on April 20, 2017 after 97 days, becoming the second-fastest video on the site to reach the milestone – behind Adeles Hello. It received its 2 billionth view on June 16 and its 3 billionth view on August 4 after 154 and 204 days, respectively, making it the fastest video on the site to reach both milestones. With its 3.3 million certified sales plus track-equivalent streams, Despacito is one of the best-selling Latin singles in the United States. Additionally, Despacito became the worlds most streamed song of all time with 4.6 billion streams in July. In September 2017, Billboard ranked it the fifth best Latin song of all time. Several remix versions were released following the singles success. On March 17, 2017, both a solo pop version and a salsa version featuring Puerto Rican musician Victor Manuelle were released. On April 17, 2017, a remix version featuring Canadian singer Justin Bieber was released; this version helped to improve the songs chart performance in numerous countries, particularly in the English-speaking world. On May 5, 2017, both an electronic version produced by American trio Major Lazer and Colombian DJ MOSKA and an urban version produced by Sky were released. After two years without releasing new music, Luis Fonsi wanted to create a fun track that had that Latin feel with a melody that I feel very comfortable singing and that will make people just dance. According to Erika Ender, the lyrics were born in late 2015 in Fonsis house after he expressed his desire to record a swinging song for his new album. Fonsi showed the chorus he had written to Ender, his friend and winner of a 2016 Latin Grammy Award as songwriter, and they then co-wrote the rest of the song. Fonsi originally composed Despacito as a cumbia and pop song with lyrics written as a ballad, but began to consider giving it an urban injection and contacted reggaeton artist Daddy Yankee, who agreed to collaborate on the song after Fonsi played him the demo. Prior to collaborating on Despacito, Fonsi and Daddy Yankee had worked together on Una Oportunidad, released digitally in 2010. Daddy Yankee wrote his verse and the post-chorus or hook. They recorded the song in Miami in 2016. The song was produced by Mauricio Rengifo and Andrés Torres; the former is known as a member of Colombian pop duo Cali & El Dandee and the latter is known for previously working with David Bisbal and Ricky Martin. In an interview with Billboard magazine in March 2017, Fonsi revealed that he originally focused on other songs of his album after making the demo of Despacito. After showing the track to his producers, they and Fonsi decided to focus on Despacito and leave the other works aside. He stated that both Daddy Yankee and he were surprised after hearing the final song because it sounded powerful, fresh and different. Luis Fonsi said that he does not consider it a reggaeton song but feels that it does have a reggaeton energy and an subtle urban beat. He also affirmed that Daddy Yankees work was a plus to the song because it needed that explosion that only he can bring to the table.", "venue": "Mattress Firm Amphitheatre", "startdate": "07/01/2017", "enddate": "11/19/2017"}