{"venue_id": "214", "venue_name": "Madison Square Garden", "city": "New York", "state": "NY", "latitude": "40.7497062", "longitude":"-73.9916006", "venue_description":"Madison Square Garden, often called ‘MSG’ or simply ‘The Garden’, is a multi-purpose indoor arena in the New York City borough of Manhattan. Located in Midtown Manhattan between 7th and 8th Avenues from 31st to 33rd Streets, it is situated atop Pennsylvania Station. It is the fourth venue to bear the name ‘Madison Square Garden’, the first two (1879 and 1890) were located on Madison Square, on East 26th Street and Madison Avenue, with the third Madison Square Garden (1925) further uptown at Eighth Avenue and 50th Street. The Garden is used for professional basketball and ice hockey, as well as boxing, concerts, ice shows, circuses, professional wrestling and other forms of sports and entertainment. It is close to other midtown Manhattan landmarks, including the Empire State Building, Koreatown, and Macy's at Herald Square. It is home to the New York Rangers of the National Hockey League (NHL), the New York Knicks of the National Basketball Association (NBA), and since 1997, the New York Liberty (WNBA). The Garden opened on February 11, 1968, and is the oldest major sporting facility in the New York metropolitan area. It is the oldest arena in the National Hockey League and the second-oldest arena in the National Basketball Association. In 2015, MSG was the fourth-busiest music arena in the world in terms of ticket sales, behind The O2 Arena, the Manchester Arena and The SSE Hydro in the United Kingdom. Including two major renovations, its total construction cost is approximately $1.1 billion, and it has been ranked as one of the 10 most expensive stadium venues ever built. It is part of the Pennsylvania Plaza office and retail complex. Several other operating entities related to the Garden share its name."}