{"venue_id": "434", "venue_name": "Mattress Firm Amphitheatre (Formerly Sleep Train Amphitheatre)", "city": "Chula Vista", "state": "CA", "latitude": "32.58807102", "longitude":"-117.0058537", "venue_description":"The Mattress Firm Amphitheatre (formerly known as the Sleep Train Amphitheatre, Coors Amphitheatre and the Cricket Wireless Amphitheatre) is a 20,500-seat amphitheatre located in Chula Vista, California. It is one of the larger concert venues in the San Diego area. The venue is currently owned and operated by Live Nation."}