{"venue_id": "725", "venue_name": "PPG Paints Arena (formerly Consol Energy Center)", "city": "Pittsburgh", "state": "PA", "latitude": "40.4388401", "longitude":"-79.9908551", "venue_description":"PPG Paints Arena is a multi-purpose indoor arena in Pittsburgh, Pennsylvania that serves as home to the Pittsburgh Penguins of the National Hockey League (NHL), and was the home of the Pittsburgh Power of the Arena Football League (AFL) from 2011 to 2014. Construction was completed on August 1, 2010, and the arena opened in time for the 2010–11 NHL season. It replaced the Penguins' former arena, Civic Arena (formerly known as Mellon Arena), which was completed in 1961. A ceremonial ground-breaking was held on August 14, 2008. The arena is the first Leadership in Energy and Environmental Design (LEED) gold-certified arena in both the NHL and AFL. Soon after the arena opened in 2010 it was named ‘Best New Major Concert Venue’ in the Pollstar Concert Industry Awards and ‘Best NHL Arena’ in the Sports Business Journal reader poll. The arena was originally named Consol Energy Center after Consol Energy purchased the naming rights in December 2008. The current name comes from Pittsburgh-based PPG Industries, who purchased naming rights in October 2016."}