{"venue_id": "2012", "venue_name": "Radio City Music Hall", "city": "New York", "state": "NY", "latitude": "40.7599136", "longitude":"-73.9803981", "venue_description": "Radio City Music Hall is an entertainment venue located in Rockefeller Center in New York City. Nicknamed the Showplace of the Nation, it was for a time the leading tourist destination in the city. Its interior was declared a city landmark in 1978, and the venue is notable as the headquarters for the precision dance company, the Rockettes."}