{"name": "Shakira: El Dorado World Tour", "artist": "Shakira", "artistinfo": "After achieving superstardom throughout Latin America, Colombian-born Shakira became Latin pop's biggest female crossover artist since Jennifer Lopez. Noted for her aggressive, rock-influenced approach, Shakira maintained an extraordinary degree of creative control over her music; she wrote or co-wrote nearly all of her own material, and in the process gained a reputation as one of Latin music's most ambitiously poetic lyricists. When she released her first English material in late 2001, she became an instant pop sensation, thanks to her quirky poetic sense and a sexy video image built on her hip-shaking belly dance moves. Similar to Nelly Furtado, Belinda, Jennifer Lopez.", "album": "El Dorado", "description": "The El Dorado World Tour is the upcoming sixth world tour by Colombian singer Shakira, and will be staged in support of her eleventh studio album, El Dorado. Its an album sung mostly in Spanish, Shakiras original language — though she is now fluent in English — and its full of love songs carried by tropical rhythms. The album is named after a mythical golden city sought in the Americas by Europeans. The album features a song that is already a megahit: Chantaje (Blackmail), a teasing duet with the Colombian singer Maluma, a heartthrob of Latin pop. Im a masochist, Maluma sings. With my body, Im an egotist, Shakira responds. Since its release last year, Chantaje has tallied more than 1.2 billion views on YouTube and 326 million plays on Spotify. The album has another collaboration with Maluma: Trap, a whispery ballad that fuses Spanish-language pop with the brittle R&B rhythms of trap. Other canny pairings on the album include Déjà vu, a bachata shared with the Bronx-born Dominican-American smoothie Prince Royce; Me Enamoré, a pert, skeletal falling-in-love song written by Shakira and the Spanish producer Rayito; Perro Fiel, a pop-reggaeton duet with the reggaeton singer Nicky Jam; and What We Said, a song in English with a reggaeton beat, a hint of African guitar and guest vocals from Nasri Atweh of Magic. Throughout the album, theres a playfulness that was missing from the 2014 Shakira. Indeed, El Dorado breaks new ground for this global icon. La Bicicleta, which is about biking around childhood haunts, uses local instruments – and surprisingly the first time Shakira has collaborated with another Colombian vocalist. She showcases more countrymen here: the Medellin-born heart-throb Maluma – pretty boy, according to Shakira – duets on two tracks, notably the electronic dancefloor stomper Chantaje, another huge-selling Latin single. Amarillo could be a Spanish cover of Madonnas Papa Dont Preach, before a pumping Europop chorus kicks in. The closing piano ballad Toneladas is beautifully understated, and though Coconut Tree is sung in English, it channels Australian synthpoppers Empire of the Sun and is admirably quirky. Make it like it used to be, give me a time machine, she sings, longing for a personal El Dorado. Elsewhere, there are club cuts to suit most speakers: the fabulous When a Woman and the fiery She Wolf. Me Enamoré is a dancefloor-filler in any language, while Comme Moi comes in two versions: English, featuring Canadian reggae band Magic!, and the superior Anglo-French original with Parisian rapper Black M. Whatever the language be, her hits dont lie.", "venue": "Hollywood Casino Amphitheatre", "startdate": "11/08/2017", "enddate": "02/10/2018"}