{"name": "The Weekend: Legend of the Fall Tour", "artist": "The Weekend", "artistinfo": "Alternative R&B act the Weeknd -- a solo outlet for vocalist Abel Tesfaye -- surfaced in March 2011 with House of Balloons. A nine-track, 50-minute mixtape made available for free download on the Weeknd website, House of Balloons was based in morose ballads filled with drug references and sexual longing. Sonically, there were clear traces of radio-friendly contemporary R&B à la Trey Songz, Jeremih, the-Dream, and Drake, while also appealing to listeners who favored left-of-center, production-over-songcraft exponents like Spacek and Sa-Ra. The mixtape, made by Tesfaye in collaboration with producers Doc McKinney and Illangelo, among others, garnered widespread coverage within days of its March 21 release. A second mixtape, Thursday (August 19), preceded several appearances on Drake's album Take Care. Echoes of Silence (December 21), the third Weeknd mixtape, followed just before the end of the year. The following June, 'Crew Love,' off Take Care, reached the Top Ten of Billboard's Hot R&B/Hip-Hop chart. A few months later, he was featured on another charting single, Wiz Khalifa's 'Remember You.' ", "album": "Starboy", "description": "The Weeknds new album extends to you a simple deal. You can, with ease, accept two handfuls of the finest pop songs that the great, whirring Song Machine has to offer in 2016. You will also have to listen to him moan, Like David Carradine Imma die when I cum. As Abel Tesfaye navigates superstardom, this is where he finds himself. He is one of the more exhilarating vectors for the music industrys top songwriters—the very air of danger that makes the best pop music feel thrilling is baked into his appeal. Yet he also is still unable to repeatedly hit the spot where his pop ambitions kiss, instead of fight, the scuzzy auteurism that first garnered him a cult fanbase and established him as a singular persona in the pop culture stratosphere.This concert, then, served as both an affirmation of the success hes had with his last two albums — Beauty Behind the Madness and Starboy, both of which have been littered with chart-topping hits — and also as a reminder of how radical his early arena shows were, when he was a cult favorite playing on an improbably large stage. At this concert, it was clear that the changes in recent years have been largely in terms of scale, not mood. Though the set list skewed toward more recent material, the tone was still stark and abraded. Even at his poppiest, the Weeknd makes what might be termed alternative anthems: bruised subject matter, barely any reliance on the exuberance that underlies so much pop music. So when he performed early favorites like Wicked Games, it was as potent as more recent numbers like Six Feet Under. His sweet, high voice was malleable, effective on a slow blues like Sidewalks or an erotic caper like Might Not. Though there was shimmer on songs like Starboy and The Hills — a vivid one, thanks to a small, sharp backing band — the Weeknds transgressive mood never let things get too bright. The current competition in arena concert production is in the space over the floor — last year, Kanye West performed from a platform dangling from the roof, and Drake turned the void into a sinuous light show. At this concert, the Weeknd used the space as an industrial art installation. Above him, over the course of the night, several large triangular platforms assembled and disassembled, Transformer-like, into different avian or spaceship shapes. Sometimes it hovered low over him, and sometimes it tilted toward the sky, as if to soar. Slowly, the Weekend is shaping a group of musicians who are compatible with his sound: He was joined onstage here by two collaborators, the rapper Belly and the rapper-producer Nav, as well as French Montana, Swae Lee of Rae Sremmurd, ASAP Rocky and Playboi Carti.", "venue": "Klipsch Music Center", "startdate": "02/17/2017", "enddate": "12/14/2017"}