[
    {
        "id": "7f87b914.9809f8",
        "type": "watson-discovery-v1",
        "z": "fe9d5cca.314ad8",
        "name": "Watson Discovery",
        "environmentname": "",
        "environment_id": "63a3873d-f9be-4b48-b5fa-c9520b7526b1",
        "collection_id": "32a0731b-45eb-4f06-a85b-7f9c8cde064e",
        "configurationname": "",
        "configuration_id": "",
        "collection_name": "",
        "count": "21",
        "passages": true,
        "nlp_query": true,
        "query": "",
        "filter": "",
        "aggregation": "",
        "return": "name",
        "description": "",
        "size": 0,
        "discovery-method": "query",
        "default-endpoint": false,
        "service-endpoint": "https://gateway.watsonplatform.net/discovery/api",
        "x": 777.75,
        "y": 385,
        "wires": [
            [
                "bc6c4b24.6a188"
            ]
        ]
    },
    {
        "id": "8ebbd9e3.7b87e",
        "type": "comment",
        "z": "fe9d5cca.314ad8",
        "name": "Begin mobile journey",
        "info": "Choose user profile to demo",
        "x": 109,
        "y": 38.75,
        "wires": []
    },
    {
        "id": "87aa5bfd.d3151",
        "type": "comment",
        "z": "fe9d5cca.314ad8",
        "name": "Inject into ML model",
        "info": "Values for:\n- event (based on user interested events)\n- gender\n- age\n- spotify user\n- student\n- FB linked",
        "x": 748.75,
        "y": 38.99999237060547,
        "wires": []
    },
    {
        "id": "28e1f7b7.98f2c",
        "type": "function",
        "z": "fe9d5cca.314ad8",
        "name": "Prep",
        "func": "msg.headers = {};\nmsg.headers.Authorization = \"Bearer \" + msg.payload.token;\n\nvar GENDER = msg.payload.GENDER;\nvar AGE = msg.payload.AGE -0;\nvar STUDENT = msg.payload.STUDENT -0;\nvar EMPLOYED = msg.payload.EMPLOYED -0;\nvar RELATIONSHIP_STATUS = msg.payload.RELATIONSHIP_STATUS;\nvar SPOTIFY_LINK = msg.payload.SPOTIFY_LINK -0;\nvar FB_LINK = msg.payload.FB_LINK -0;\nvar TICKET_MASTER_LINK = msg.payload.TICKET_MASTER_LINK -0;\n\nmsg.payload = {\"fields\":[\"GENDER\", \"AGE\", \"STUDENT\", \"EMPLOYED\", \"RELATIONSHIP_STATUS\", \"SPOTIFY_LINK\", \"FB_LINK\", \"TICKET_MASTER_LINK\"],\"values\":[[GENDER,AGE,STUDENT,EMPLOYED,RELATIONSHIP_STATUS,SPOTIFY_LINK,FB_LINK,TICKET_MASTER_LINK]]};\n\nreturn msg;",
        "outputs": 1,
        "noerr": 0,
        "x": 586.25,
        "y": 251.25,
        "wires": [
            [
                "a41b143c.59d56"
            ]
        ]
    },
    {
        "id": "a41b143c.59d56",
        "type": "http request",
        "z": "fe9d5cca.314ad8",
        "name": "Watson Machine Learning",
        "method": "POST",
        "ret": "obj",
        "url": "https://ibm-watson-ml.mybluemix.net/v3/wml_instances/58cf1cc0-59cd-4e37-9dce-53f3a0dd34a9/published_models/54aeae1b-e801-40fa-b751-cdd331d0b133/deployments/67fea7c8-5bb0-4d1d-973f-ad7fcc730c1e/online",
        "tls": "",
        "x": 786.25,
        "y": 251.25,
        "wires": [
            [
                "bd3e9033.548638"
            ]
        ]
    },
    {
        "id": "e3c92cfc.eb0fc8",
        "type": "comment",
        "z": "fe9d5cca.314ad8",
        "name": "Display events",
        "info": "Based on the model feedback",
        "x": 1207.25,
        "y": 36.75,
        "wires": []
    },
    {
        "id": "38974c49.28faec",
        "type": "dashDB in",
        "z": "fe9d5cca.314ad8",
        "dashDB": "7ce47aac.7924fc",
        "service": "_ext_",
        "query": "SELECT * FROM SEARCH_DEMO.USER_FAV_ARTISTS where user_id= ? ;",
        "params": "msg.payload",
        "name": "Get User Artist Preferences",
        "x": 274.2500305175781,
        "y": 307.25,
        "wires": [
            [
                "81a76578.75ef88"
            ]
        ]
    },
    {
        "id": "3b867885.311a",
        "type": "comment",
        "z": "fe9d5cca.314ad8",
        "name": "Query DB",
        "info": "To gather more insight on the user:\n- user favorite artists\n- user going events\n- user interested events",
        "x": 299,
        "y": 38,
        "wires": []
    },
    {
        "id": "27c11f21.c80b9",
        "type": "dashDB in",
        "z": "fe9d5cca.314ad8",
        "dashDB": "7ce47aac.7924fc",
        "service": "_ext_",
        "query": "SELECT * FROM SEARCH_DEMO.USER_PROFILE where USER_ID = ? ;",
        "params": "msg.payload",
        "name": "Get User Profile Data",
        "x": 254.25003051757812,
        "y": 267.25,
        "wires": [
            [
                "81a76578.75ef88"
            ]
        ]
    },
    {
        "id": "29d94c97.c5387c",
        "type": "function",
        "z": "fe9d5cca.314ad8",
        "name": "Prep",
        "func": "msg.headers = {};\nmsg.headers.Authorization = \"Bearer \" + msg.payload.token;\n\nvar FLORIDA_GEORGIA_LINE = msg.payload.FLORIDA_GEORGIA_LINE -0;\nvar COLDPLAY = msg.payload.COLDPLAY -0;\nvar U2 = msg.payload.U2 -0;\nvar TOM_PETTY_THE_HEARTBREAKERS = msg.payload.TOM_PETTY_THE_HEARTBREAKERS -0;\nvar GREEN_DAY = msg.payload.GREEN_DAY -0;\nvar JASON_DERULO = msg.payload.JASON_DERULO -0;\nvar JUSTIN_BIEBER = msg.payload.JUSTIN_BIEBER -0;\nvar JAY_Z = msg.payload.JAY_Z -0;\nvar J_COLE = msg.payload.J_COLE -0;\nvar DRAKE = msg.payload.DRAKE -0;\n\n\n\nmsg.payload = {\"fields\":[\"FLORIDA_GEORGIA_LINE\", \"COLDPLAY\", \"U2\", \"TOM_PETTY_THE_HEARTBREAKERS\", \"GREEN_DAY\", \"JASON_DERULO\", \"JUSTIN_BIEBER\", \"JAY_Z\", \"J_COLE\", \"DRAKE\"],\"values\":[[FLORIDA_GEORGIA_LINE,COLDPLAY,U2,TOM_PETTY_THE_HEARTBREAKERS,GREEN_DAY,JASON_DERULO,JUSTIN_BIEBER,JAY_Z,J_COLE,DRAKE]]}\n\n\n\nreturn msg;",
        "outputs": 1,
        "noerr": 0,
        "x": 586.25,
        "y": 291.25,
        "wires": [
            [
                "93847a9d.6c272"
            ]
        ]
    },
    {
        "id": "93847a9d.6c272",
        "type": "http request",
        "z": "fe9d5cca.314ad8",
        "name": "Watson Machine Learning",
        "method": "POST",
        "ret": "obj",
        "url": "https://ibm-watson-ml.mybluemix.net/v3/wml_instances/58cf1cc0-59cd-4e37-9dce-53f3a0dd34a9/published_models/f8b206f7-a369-4e13-bf0e-b24a26124a6e/deployments/edccaacd-2b0e-46bb-9306-1efeef3bf906/online",
        "tls": "206fe3cb.8ecd14",
        "x": 786.25,
        "y": 291.25,
        "wires": [
            [
                "16741cf3.debd93"
            ]
        ]
    },
    {
        "id": "16741cf3.debd93",
        "type": "function",
        "z": "fe9d5cca.314ad8",
        "name": "parse",
        "func": "\n\ntry{\n    \nvar results = [];\n\nfor (x=0; x < msg.payload.values[0][15].length; x++){\n    var entry = {};\n    entry.concert = msg.payload.values[0][15][x];\n    entry.concert = entry.concert.replace(\"Bru0\",\"Bruno\");\n    entry.score = Math.round(msg.payload.values[0][12][x] * 100);\n    entry.source = \"WML Artist Preferences\";\n    entry.response = msg.payload;\n    results.push(entry);\n}\n\n\nmsg.payload = results;\n\n    \n}catch(fail){}\nreturn msg",
        "outputs": 1,
        "noerr": 0,
        "x": 1006.25,
        "y": 291.25,
        "wires": [
            [
                "dc2d15e1.1b92e"
            ]
        ]
    },
    {
        "id": "2ff0d756.9e0498",
        "type": "http request",
        "z": "fe9d5cca.314ad8",
        "name": "WML Authorization",
        "method": "GET",
        "ret": "obj",
        "url": "https://ibm-watson-ml.mybluemix.net/v3/identity/token",
        "tls": "206fe3cb.8ecd14",
        "x": 245.25003051757812,
        "y": 225.25,
        "wires": [
            [
                "81a76578.75ef88"
            ]
        ]
    },
    {
        "id": "bd3e9033.548638",
        "type": "function",
        "z": "fe9d5cca.314ad8",
        "name": "parse",
        "func": "\n\ntry{\n    \nvar results = [];\n\nfor (x=0; x < msg.payload.values[0][13].length; x++){\n    var entry = {};\n    entry.concert = msg.payload.values[0][13][x];\n    entry.score = Math.round(msg.payload.values[0][10][x] * 100);\n    entry.source = \"WML User Profile\";\n    entry.response = msg.payload;\n    results.push(entry);\n}\n\n\n\n\t\nmsg.payload = results;\n\n    \n}catch(fail){}\nreturn msg",
        "outputs": 1,
        "noerr": 0,
        "x": 1006.25,
        "y": 251.25,
        "wires": [
            [
                "dc2d15e1.1b92e"
            ]
        ]
    },
    {
        "id": "6215c5bf.aac9ac",
        "type": "dashDB in",
        "z": "fe9d5cca.314ad8",
        "dashDB": "7ce47aac.7924fc",
        "service": "_ext_",
        "query": "SELECT * FROM \"SEARCH_DEMO\".\"FB_POSTS\" where USER_ID= ? ;",
        "params": "msg.payload",
        "name": "Get User FB Posts",
        "x": 244.25003051757812,
        "y": 347.25,
        "wires": [
            [
                "11abb4b7.a74c7b"
            ]
        ]
    },
    {
        "id": "c0a2fc2c.be9bd",
        "type": "natural-language-understanding",
        "z": "fe9d5cca.314ad8",
        "name": "Natural Language Understanding",
        "categories": true,
        "concepts": false,
        "maxconcepts": "8",
        "doc-emotion": false,
        "doc-emotion-target": "",
        "doc-sentiment": false,
        "doc-sentiment-target": "",
        "entity": true,
        "entity-emotion": true,
        "entity-sentiment": true,
        "maxentities": "50",
        "keyword": true,
        "keyword-emotion": false,
        "keyword-sentiment": false,
        "maxkeywords": "50",
        "metadata": false,
        "relation": false,
        "semantic": false,
        "semantic-entities": false,
        "semantic-keywords": false,
        "maxsemantics": "50",
        "default-endpoint": false,
        "service-endpoint": "https://gateway.watsonplatform.net/natural-language-understanding/api",
        "x": 796.25,
        "y": 331.25,
        "wires": [
            [
                "f339996.27fca68"
            ]
        ]
    },
    {
        "id": "7c8ecfc7.7c2e18",
        "type": "function",
        "z": "fe9d5cca.314ad8",
        "name": "Prep",
        "func": "\nmsg.payload = msg.payload.fbpost;\n\nreturn msg;",
        "outputs": 1,
        "noerr": 0,
        "x": 586.25,
        "y": 331.25,
        "wires": [
            [
                "c0a2fc2c.be9bd"
            ]
        ]
    },
    {
        "id": "f339996.27fca68",
        "type": "function",
        "z": "fe9d5cca.314ad8",
        "name": "parse",
        "func": "msg.discoveryparams = {};\nmsg.discoveryparams.query = \"\";\nvar results = {};\nresults.addArtist = [];\nresults.removeArtist = [];\nmsg.payload = [];\n\ntry{\nfor (x=0; x < msg.features.entities.length; x++){\n    if (msg.features.entities[x].type == \"Person\"){\n        if (msg.features.entities[x].sentiment.score >0){\n            results.addArtist.push(msg.features.entities[x].text);\n            msg.discoveryparams.query = msg.features.entities[x].text;\n        }\n        else {\n            results.removeArtist.push(msg.features.entities[x].text);\n        }\n    }\n}\n\nflow.set(\"emotions\",results);\n}catch(fail){}\n\nif(msg.discoveryparams.query === \"\"){\n    return [msg, null];\n}\nelse{\n    return [null, msg];\n}\n\n",
        "outputs": "2",
        "noerr": 0,
        "x": 1010.071533203125,
        "y": 333.4285888671875,
        "wires": [
            [
                "dc2d15e1.1b92e"
            ],
            [
                "7f87b914.9809f8"
            ]
        ]
    },
    {
        "id": "f0adf67f.42ceb",
        "type": "http in",
        "z": "fe9d5cca.314ad8",
        "name": "",
        "url": "/input",
        "method": "post",
        "swaggerDoc": "",
        "x": 79.10716247558594,
        "y": 92.67852783203125,
        "wires": [
            [
                "76a90024.3f06e8"
            ]
        ]
    },
    {
        "id": "64aae850.3b43b8",
        "type": "http response",
        "z": "fe9d5cca.314ad8",
        "name": "",
        "x": 1328.75,
        "y": 375,
        "wires": []
    },
    {
        "id": "81a76578.75ef88",
        "type": "join",
        "z": "fe9d5cca.314ad8",
        "name": "",
        "mode": "custom",
        "build": "merged",
        "property": "payload",
        "propertyType": "msg",
        "key": "topic",
        "joiner": "\\n",
        "timeout": "",
        "count": "4",
        "x": 565.5,
        "y": 183,
        "wires": [
            [
                "29d94c97.c5387c",
                "7c8ecfc7.7c2e18",
                "28e1f7b7.98f2c"
            ]
        ]
    },
    {
        "id": "11abb4b7.a74c7b",
        "type": "function",
        "z": "fe9d5cca.314ad8",
        "name": "Concat",
        "func": "try{\n    var pl = \"\";\n    if (Array.isArray(msg.payload)){\n        for (x = 0; x < msg.payload.length; x++){\n            pl = pl + \" \" + msg.payload[x].FB_POSTS;\n        }\n    }\n    else{\n        pl = msg.payload.FB_POSTS;\n    }\n    msg.payload = {};\n    msg.payload.fbpost = pl;\n}\ncatch(fail){\n}\nreturn msg;",
        "outputs": 1,
        "noerr": 0,
        "x": 410.71429443359375,
        "y": 350.22320556640625,
        "wires": [
            [
                "81a76578.75ef88"
            ]
        ]
    },
    {
        "id": "dc2d15e1.1b92e",
        "type": "join",
        "z": "fe9d5cca.314ad8",
        "name": "",
        "mode": "custom",
        "build": "array",
        "property": "payload",
        "propertyType": "msg",
        "key": "topic",
        "joiner": "\\n",
        "timeout": "",
        "count": "3",
        "x": 1177.7142333984375,
        "y": 244.1875,
        "wires": [
            [
                "f350575c.086a58"
            ]
        ]
    },
    {
        "id": "f350575c.086a58",
        "type": "function",
        "z": "fe9d5cca.314ad8",
        "name": "sort",
        "func": "function compareScore(a,b) {\n\t    return (b.score - a.score);\n}\ntry{\nvar merged = msg.payload[0].concat(msg.payload[1]).concat(msg.payload[2]);\nmerged.sort(compareScore);\n\nvar newarr = (function(merged){\n  var m = {}, newarr = []\n  for (var i=0; i<merged.length; i++) {\n    var v = merged[i].concert;\n    if (!m[v]) {\n      newarr.push(merged[i]);\n      m[v]=true;\n    }\n  }\n  return newarr;\n})(merged);\n\nmsg.payload = {}\nmsg.payload.predictions = merged;\n}\ncatch(fail){\n    node.warn(\"failed\");\n}\nreturn msg;",
        "outputs": 1,
        "noerr": 0,
        "x": 1179.785888671875,
        "y": 288.22320556640625,
        "wires": [
            [
                "fd78c245.eb8d2"
            ]
        ]
    },
    {
        "id": "7df4f36b.5bb83c",
        "type": "dashDB in",
        "z": "fe9d5cca.314ad8",
        "dashDB": "7ce47aac.7924fc",
        "service": "_ext_",
        "query": "delete from SEARCH_DEMO.FB_POSTS where USER_ID = 14754 and FB_POSTS = ?;",
        "params": "msg.payload",
        "name": "Reset User FB Posts",
        "x": 342.5,
        "y": 571.96435546875,
        "wires": [
            []
        ]
    },
    {
        "id": "706f0c8.fdd9174",
        "type": "inject",
        "z": "fe9d5cca.314ad8",
        "name": "Reset Demo",
        "topic": "",
        "payload": "Ugg, If I hear that stupid Bruno Mars song again I'm going to throw this radio out of the window!",
        "payloadType": "str",
        "repeat": "",
        "crontab": "",
        "once": false,
        "x": 133.75,
        "y": 571.0268859863281,
        "wires": [
            [
                "7df4f36b.5bb83c"
            ]
        ]
    },
    {
        "id": "76a90024.3f06e8",
        "type": "function",
        "z": "fe9d5cca.314ad8",
        "name": "Format",
        "func": "msg.payload = msg.payload.client;\nreturn msg;",
        "outputs": 1,
        "noerr": 0,
        "x": 100.00003051757812,
        "y": 150,
        "wires": [
            [
                "2ff0d756.9e0498",
                "27c11f21.c80b9",
                "38974c49.28faec",
                "6215c5bf.aac9ac"
            ]
        ]
    },
    {
        "id": "bc6c4b24.6a188",
        "type": "function",
        "z": "fe9d5cca.314ad8",
        "name": "parse",
        "func": "\n\ntry{\nvar emotions = msg.payload.emotions;    \nvar results = [];\n\nfor (x=0; x < msg.search_results.results.length; x++){\n        var entry = {};\n        entry.concert = msg.search_results.results[x].name;\n        entry.score = Math.round(msg.search_results.results[x].score * 100);\n        entry.source = \"Watson Discovery\"\n        entry.response = msg.search_results;\n        results.push(entry);\n}\n\n\nmsg.payload = results;\nmsg.payload.emotions = emotions;  \n    \n}catch(fail){}\nreturn msg",
        "outputs": 1,
        "noerr": 0,
        "x": 1010.75,
        "y": 386,
        "wires": [
            [
                "dc2d15e1.1b92e"
            ]
        ]
    },
    {
        "id": "fd78c245.eb8d2",
        "type": "function",
        "z": "fe9d5cca.314ad8",
        "name": "Format",
        "func": "try{\n    var emotions = flow.get(\"emotions\");\nfor (x=0; x < msg.payload.predictions.length; x++){\n    msg.payload.predictions[x].adjustedScore = msg.payload.predictions[x].score;\n    msg.payload.predictions[x].source += \" rated this entry as \" + msg.payload.predictions[x].score + \"%\";\n    for (y=0; y < emotions.removeArtist.length; y++){\n        if(msg.payload.predictions[x].concert.search(new RegExp(emotions.removeArtist[y], \"i\")) >-1){\n            msg.payload.predictions[x].score += -100;\n            msg.payload.predictions[x].source += \", but NLU identified negitive sentiment on the artist based on Facebook posts for a final score of \" + msg.payload.predictions[x].score + \"%\";\n            \n            break;\n        }\n    }\n    for (q=0; q < emotions.addArtist.length; q++){\n        if(msg.payload.predictions[x].concert.search(new RegExp(emotions.addArtist[q], \"i\")) >-1){\n            msg.payload.predictions[x].score += +100;\n            msg.payload.predictions[x].adjustedScore = msg.payload.predictions[x].score;\n            msg.payload.predictions[x].source += \", and NLU identified positive sentiment on the artist based on Facebook posts for a final score of \" + msg.payload.predictions[x].score + \"%\";\n            \n            break;\n        }\n    }\n}\n   \n}\ncatch(fail){\n    node.warn(\"failed format\");\n}\n msg.payload.predictions = msg.payload.predictions.slice(0, 8);\nreturn msg;",
        "outputs": 1,
        "noerr": 0,
        "x": 1180,
        "y": 375,
        "wires": [
            [
                "64aae850.3b43b8"
            ]
        ]
    },
    {
        "id": "8cb7b8c4.c1fad8",
        "type": "dashDB in",
        "z": "fe9d5cca.314ad8",
        "dashDB": "7ce47aac.7924fc",
        "service": "_ext_",
        "query": "insert into SEARCH_DEMO.FB_POSTS (USER_ID, FB_POSTS) values (14754, ?);",
        "params": "msg.payload",
        "name": "Add User FB Posts",
        "x": 335,
        "y": 636,
        "wires": [
            []
        ]
    },
    {
        "id": "e6dc0f3b.f59408",
        "type": "inject",
        "z": "fe9d5cca.314ad8",
        "name": "Add Post",
        "topic": "",
        "payload": "Ugg, If I hear that stupid Bruno Mars song again I'm going to throw this radio out of the window!",
        "payloadType": "str",
        "repeat": "",
        "crontab": "",
        "once": false,
        "x": 127.25,
        "y": 636.0625,
        "wires": [
            [
                "8cb7b8c4.c1fad8"
            ]
        ]
    },
    {
        "id": "3122d25a.e81216",
        "type": "comment",
        "z": "fe9d5cca.314ad8",
        "name": "Insert or Remove Bruno Mars Comment",
        "info": "Choose user profile to demo",
        "x": 196,
        "y": 513,
        "wires": []
    },
    {
        "id": "7ce47aac.7924fc",
        "type": "dashDB",
        "z": "",
        "hostname": "dashdb-txn-flex-yp-dal09-154.services.dal.bluemix.net",
        "db": "BLUDB",
        "port": "50000",
        "name": "DB2 Warehouse on Cloud"
    },
    {
        "id": "206fe3cb.8ecd14",
        "type": "tls-config",
        "z": "",
        "name": "",
        "cert": "",
        "key": "",
        "ca": "",
        "verifyservercert": false
    }
]