[
    {
        "id": "7cf50ed1.9795d8",
        "type": "dashDB in",
        "z": "1ac62279.2d9596",
        "dashDB": "7ce47aac.7924fc",
        "service": "_ext_",
        "query": "select s.\"VENUE_NAME\" as \"name\", (w.S_WEIGHT * s.\"PRIORITY\") as \"S_WEIGHT\" from SEARCH_DEMO.venues s , SEARCH_DEMO.SEARCH_WEIGHT  w where  w.S_SOURCE = 'venues' and UPPER(s.\"VENUE_NAME\") like UPPER(?) limit 10",
        "params": "msg.payload",
        "name": "Venues",
        "x": 512.1429138183594,
        "y": 324.642822265625,
        "wires": [
            [
                "8cd45a46.5556f8"
            ]
        ]
    },
    {
        "id": "f744c278.a708a",
        "type": "dashDB in",
        "z": "1ac62279.2d9596",
        "dashDB": "7ce47aac.7924fc",
        "service": "_ext_",
        "query": "select s.\"artist_name\" as \"name\", w.S_WEIGHT from SEARCH_DEMO.USER_FAVORITES s , SEARCH_DEMO.SEARCH_WEIGHT w where  w.S_SOURCE = 'artists' and UPPER(\"artist_name\") like UPPER(?) limit 10",
        "params": "msg.payload",
        "name": "Fav Artists",
        "x": 519.2857971191406,
        "y": 371.78570556640625,
        "wires": [
            [
                "8cd45a46.5556f8"
            ]
        ]
    },
    {
        "id": "20d262b1.2b94ce",
        "type": "dashDB in",
        "z": "1ac62279.2d9596",
        "dashDB": "7ce47aac.7924fc",
        "service": "_ext_",
        "query": "select s.SEARCH as \"name\", (w.S_WEIGHT * 9) as S_WEIGHT from SEARCH_DEMO.SEARCH_HISTORY s , SEARCH_DEMO.SEARCH_WEIGHT w where  w.S_SOURCE = 'history' and  UPPER(\"SEARCH\") like UPPER(?) limit 10",
        "params": "msg.payload",
        "name": "Search History",
        "x": 532.1428527832031,
        "y": 420.3570861816406,
        "wires": [
            [
                "8cd45a46.5556f8"
            ]
        ]
    },
    {
        "id": "841219bc.8b714",
        "type": "http in",
        "z": "1ac62279.2d9596",
        "name": "",
        "url": "/autocomplete",
        "method": "post",
        "swaggerDoc": "",
        "x": 118.03569030761719,
        "y": 368.92852783203125,
        "wires": [
            [
                "82841370.2ff77"
            ]
        ]
    },
    {
        "id": "e80625c0.6e087",
        "type": "join",
        "z": "1ac62279.2d9596",
        "name": "",
        "mode": "custom",
        "build": "array",
        "property": "payload",
        "propertyType": "msg",
        "key": "topic",
        "joiner": "\\n",
        "timeout": "",
        "count": "3",
        "x": 838.5712890625,
        "y": 367.14276123046875,
        "wires": [
            [
                "4b6fbee2.131cd8"
            ]
        ]
    },
    {
        "id": "82841370.2ff77",
        "type": "function",
        "z": "1ac62279.2d9596",
        "name": "prep",
        "func": "msg.topic = msg.payload.input;\nmsg.payload = msg.payload.input + '%'\n\nreturn msg;",
        "outputs": 1,
        "noerr": 0,
        "x": 320.0000305175781,
        "y": 371.0714111328125,
        "wires": [
            [
                "f744c278.a708a",
                "7cf50ed1.9795d8",
                "20d262b1.2b94ce"
            ]
        ]
    },
    {
        "id": "ebcd5ad3.7154",
        "type": "dashDB in",
        "z": "1ac62279.2d9596",
        "dashDB": "7ce47aac.7924fc",
        "service": "_ext_",
        "query": "update SEARCH_DEMO.VENUES s set s.\"PRIORITY\" = ? where s.\"VENUE_NAME\" = 'Holiday Inn Airport';",
        "params": "msg.payload",
        "name": "Set Search Weight",
        "x": 404.71429443359375,
        "y": 511.6072082519531,
        "wires": [
            []
        ]
    },
    {
        "id": "548e7846.8c9e",
        "type": "inject",
        "z": "1ac62279.2d9596",
        "name": "Reset Demo",
        "topic": "",
        "payload": "1",
        "payloadType": "num",
        "repeat": "",
        "crontab": "",
        "once": false,
        "x": 124.53570556640625,
        "y": 490.66973876953125,
        "wires": [
            [
                "ebcd5ad3.7154"
            ]
        ]
    },
    {
        "id": "877ec470.c95b6",
        "type": "inject",
        "z": "1ac62279.2d9596",
        "name": "Update Venue Weight",
        "topic": "",
        "payload": "15",
        "payloadType": "num",
        "repeat": "",
        "crontab": "",
        "once": false,
        "x": 158.03570556640625,
        "y": 555.7053527832031,
        "wires": [
            [
                "ebcd5ad3.7154"
            ]
        ]
    },
    {
        "id": "8cd45a46.5556f8",
        "type": "function",
        "z": "1ac62279.2d9596",
        "name": "parse",
        "func": "try{\n    \nif (msg.payload.length === 0){\n    var noresults = {};\n    noresults.name = msg.topic;\n    noresults.S_WEIGHT = .1;\n        msg.payload.push(noresults);\n}\n\n}catch(fail){}\nreturn msg\n",
        "outputs": 1,
        "noerr": 0,
        "x": 698.5714111328125,
        "y": 367.1428527832031,
        "wires": [
            [
                "e80625c0.6e087"
            ]
        ]
    },
    {
        "id": "4b6fbee2.131cd8",
        "type": "function",
        "z": "1ac62279.2d9596",
        "name": "",
        "func": "msg.payload = [].concat.apply([], msg.payload );\n\nfunction compareScore(a,b) {\n\t    return (b.S_WEIGHT - a.S_WEIGHT);\n}\ntry{\nvar merged = msg.payload;\nmerged.sort(compareScore);\n\nvar newarr = (function(merged){\n  var m = {}, newarr = []\n  for (var i=0; i<merged.length; i++) {\n    var v = merged[i].name;\n    if (!m[v]) {\n      newarr.push(merged[i]);\n      m[v]=true;\n    }\n  }\n  return newarr;\n})(merged);\nmsg.payload = {}\nmsg.payload.results = newarr;\n}\ncatch(fail){}\nreturn msg;\n",
        "outputs": 1,
        "noerr": 0,
        "x": 983.571533203125,
        "y": 366.4285583496094,
        "wires": [
            [
                "d2aca150.a1855"
            ]
        ]
    },
    {
        "id": "fce0a5c.450ff58",
        "type": "watson-discovery-v1",
        "z": "1ac62279.2d9596",
        "name": "Watson Discovery",
        "environmentname": "",
        "environment_id": "63a3873d-f9be-4b48-b5fa-c9520b7526b1",
        "collection_id": "32a0731b-45eb-4f06-a85b-7f9c8cde064e",
        "configurationname": "",
        "configuration_id": "",
        "collection_name": "",
        "count": "21",
        "passages": false,
        "nlp_query": true,
        "query": "",
        "filter": "",
        "aggregation": "",
        "return": "name, venue_name, venue_description, description, startdate, enddate",
        "description": "",
        "size": 0,
        "discovery-method": "query",
        "default-endpoint": false,
        "service-endpoint": "https://gateway.watsonplatform.net/discovery/api",
        "x": 624.7142333984375,
        "y": 104.00003051757812,
        "wires": [
            [
                "5b080c59.d7c344"
            ]
        ]
    },
    {
        "id": "e4f787d9.38891",
        "type": "change",
        "z": "1ac62279.2d9596",
        "name": "prep",
        "rules": [
            {
                "t": "set",
                "p": "discoveryparams.query",
                "pt": "msg",
                "to": "payload.input",
                "tot": "msg"
            }
        ],
        "action": "",
        "property": "",
        "from": "",
        "to": "",
        "reg": false,
        "x": 256.4285888671875,
        "y": 102.39286804199219,
        "wires": [
            [
                "9017c175.1be4c8",
                "48e68e75.7cbe38"
            ]
        ]
    },
    {
        "id": "cf9aa07f.124f6",
        "type": "dashDB in",
        "z": "1ac62279.2d9596",
        "dashDB": "7ce47aac.7924fc",
        "service": "_ext_",
        "query": "select VENUE_NAME as \"name\", db2gse.st_distance(db2gse.st_point(?,?, 1), db2gse.st_point(LONG, LAT, 1)) as DISTANCE from SEARCH_DEMO.VENUES order by DISTANCE limit 5;",
        "params": "msg.payload.long,msg.payload.lat",
        "name": "near me demo",
        "x": 613.3214721679688,
        "y": 167.67855834960938,
        "wires": [
            [
                "c65f4e1c.375c08"
            ]
        ]
    },
    {
        "id": "d2aca150.a1855",
        "type": "http response",
        "z": "1ac62279.2d9596",
        "name": "",
        "x": 1074.2855224609375,
        "y": 228.2142333984375,
        "wires": []
    },
    {
        "id": "f9bbf781.6ebca",
        "type": "http in",
        "z": "1ac62279.2d9596",
        "name": "",
        "url": "/search",
        "method": "post",
        "swaggerDoc": "",
        "x": 102.5,
        "y": 103.57142639160156,
        "wires": [
            [
                "e4f787d9.38891"
            ]
        ]
    },
    {
        "id": "9017c175.1be4c8",
        "type": "dashDB in",
        "z": "1ac62279.2d9596",
        "dashDB": "7ce47aac.7924fc",
        "service": "_ext_",
        "query": "insert into SEARCH_DEMO.SEARCH_HISTORY (SEARCH) values (?);",
        "params": "msg.discoveryparams.query",
        "name": "Save Search",
        "x": 512.5,
        "y": 53.75,
        "wires": [
            []
        ]
    },
    {
        "id": "5b080c59.d7c344",
        "type": "function",
        "z": "1ac62279.2d9596",
        "name": "",
        "func": "var results = [];\nfor (var i=0; i<msg.search_results.results.length; i++) {\n    if (typeof(msg.search_results.results[i].name) !== \"undefined\") {\n      results.push(msg.search_results.results[i]);\n    }\n    if (typeof(msg.search_results.results[i].venue_name) !== \"undefined\") {\n        var entry = msg.search_results.results[i];\n        entry.startdate = \"\";\n        entry.enddate = \"\";\n        entry.name = msg.search_results.results[i].venue_name;\n        entry.description = msg.search_results.results[i].venue_description;\n      results.push(entry);\n    }\n  }\nmsg.payload.results = results;\nreturn msg;",
        "outputs": 1,
        "noerr": 0,
        "x": 830,
        "y": 103.4375,
        "wires": [
            [
                "d2aca150.a1855"
            ]
        ]
    },
    {
        "id": "eb4e3e5d.e87c6",
        "type": "dashDB in",
        "z": "1ac62279.2d9596",
        "dashDB": "7ce47aac.7924fc",
        "service": "_ext_",
        "query": "TRUNCATE TABLE SEARCH_DEMO.SEARCH_HISTORY IMMEDIATE ",
        "params": "msg.payload",
        "name": "Set Search Weight",
        "x": 406.4285888671875,
        "y": 631.2500610351562,
        "wires": [
            []
        ]
    },
    {
        "id": "124327c9.e1d5e",
        "type": "inject",
        "z": "1ac62279.2d9596",
        "name": "Clear search history",
        "topic": "",
        "payload": "",
        "payloadType": "date",
        "repeat": "",
        "crontab": "",
        "once": false,
        "x": 147.25,
        "y": 630.3482055664062,
        "wires": [
            [
                "eb4e3e5d.e87c6"
            ]
        ]
    },
    {
        "id": "48e68e75.7cbe38",
        "type": "switch",
        "z": "1ac62279.2d9596",
        "name": "",
        "property": "discoveryparams.query",
        "propertyType": "msg",
        "rules": [
            {
                "t": "neq",
                "v": "near me",
                "vt": "str"
            },
            {
                "t": "else"
            }
        ],
        "checkall": "true",
        "outputs": 2,
        "x": 424,
        "y": 102.75,
        "wires": [
            [
                "fce0a5c.450ff58"
            ],
            [
                "cf9aa07f.124f6"
            ]
        ]
    },
    {
        "id": "c65f4e1c.375c08",
        "type": "function",
        "z": "1ac62279.2d9596",
        "name": "",
        "func": "var results = msg.payload;\nmsg.payload = {};\nmsg.payload.results = results;\nreturn msg;",
        "outputs": 1,
        "noerr": 0,
        "x": 789,
        "y": 168.75,
        "wires": [
            [
                "d2aca150.a1855"
            ]
        ]
    },
    {
        "id": "7ce47aac.7924fc",
        "type": "dashDB",
        "z": "",
        "hostname": "dashdb-txn-flex-yp-dal09-154.services.dal.bluemix.net",
        "db": "BLUDB",
        "port": "50000",
        "name": "DB2 Warehouse on Cloud"
    }
]