{"body": "Cooling Water Towers Introduction", "contentHtml": "<p>&nbsp; COOLING WATER TOWERS Introduction A COOLING WATER TOWER is a device used to reduce the temperature of water. The water is then recycled back into the many processes and industries that use it. Some industries use the water to control the temperature (sensible heat), of a process, like a car radiator. The HVAC industry uses the water to condense the refrigerant (latent heat).In the past most of the processes requiring cooling use piped town water through the equipment, cooling the equipment, and then drained the water to the gutter (100% waste).Because Australia is such a dry continent the water supply authorities introduced the Water Conservation Act, which forced all the industries to install COOLING WATER TOWERs to recycle the water.TerminologyApproach, is the difference between the temperature of the water leaving the tower and the Wet Bulb temperature of the air entering the tower. Generally between 4 – 6K.The smaller the approach the more efficient is the tower Range, is the difference between the temperature of the water entering and the water leaving the tower. Generally between 8 – 10K.Drift, is the evaporated water carried out of the tower with the air. The amount of drift must be controlled because the microorganisms can live in the drift and travel to and infect humans. (Legionaries Disease)Drift Eliminators, are to catch and condense the tower water as it is discharged as drift, causing it to fall back into the tower basin as droplets.Bleed Off, is the amount of tower water that is purposely drained away to waste in order to dilute the circulating water with fresh town water. This is needed as only the H2O evaporates leaving behind all the minerals that get into the tower water. The H2O is constantly evaporating to reduce the temperature of the remaining water. Fill, is the component of the tower that causes the circulating water to spread out over a large surface area, which will increase the evaporation rate by offering the water to a greater volume of air.Water Distribution System, is designed to evenly spray the circulating water over the Fill.Make Up Water, is the fresh town water that is constantly being fed into the tower basin via a Ball Valve, to replace the water that is lost to;Drift (Evaporation)Bleed OffLouvers, are there to reduce sunlight on the water inside but allow air to be directed onto the fill. They also retain the splash from the droplets falling from the fill. Plume. Under certain atmospheric conditions the drift leaving the tower with condense as it hits the surrounding air. It looks like fog but because it originates from a process it is referred to as Plume.Dissolved Solids. The particles of dirt and minerals that circulate with the water rather than sink to the bottom as mud.Side Filtration. Some of the circulating water is pumped through a filter to remove the dissolved solids.Inhibitor. Is a chemical added to the circulating water to prevent the dissolved solids in the water causing rust and clogging the system’s tubing.Microbial Growth. Or ‘bio-fouling’ is the Algae, Fungi and Bacteria that find the COOLING WATER TOWER environment ideal for their growth.Biocide.  A chorine base chemical added to the circulating water to prevent microbial growth.Ultra violet light. Is another method of killing bacteria where the circulating water is passed through clear tubes that are exposed to ultra violet lights. The water must be kept very clean with filters for this method to work (side filtration).Ozone injection. Another means of killing bacteria.Monitoring. Of the circulating water is needed to ensure the chemical additives are at the required concentration.</p>", "sourceUrl": "https://ibm.box.com/s/qiedpu07u0hu7bf0bepb3rc5h9f9jvk0", "id": "2", "title": "Cooling Water Towers Introduction"}