{"body": "Cooling Water Towers Introduction", "contentHtml" : "<p>&nbsp; Evaporating some of the circulating water, cools the majority of the water in a COOLING WATER TOWER.How it WorksThe evaporation process only takes place on the surface of a liquid and needs latent heat of vaporization to happen (2256 kJ/kg). Sensible heat (4.19 kJ/kgK), is drawn from the body of the water to the surface to supply the energy needed for the latent heat. It can be seen that for a little evaporation a lot of sensible heat will be needed therefore the main body of the circulating water is cooled for very little lost of water.A COOLING WATER TOWER takes the heat transfer law the greater the exposed surface area, the greater will be the rate of heat transferWarm to hot water from the cooling process is pumped to the top of the COOLING WATER TOWER and into the sprays where the water is broken up into droplets and distributed over the Fill.The water droplet spreads out as it slides down the Fill creating the surface area necessary for evaporation. The evaporation rate of the water is restricted by the amount of moisture already in the air around it. To maintain evaporation the moistened air must be replaced with dry air, usually by fans blowing air through the tower, (see types of towers).Types of TowersTwo basic types;Natural Draft Mechanical Draft Natural Draft Towers, rely on the heat of the water to generate the air movement inside the tower.They are only used for very large capacity systems such as Electricity Generation Plants, where they are called Hyperbolic Towers.COOLING WATER TOWERs are not part of the refrigeration system, as no refrigerant flows through them.Mechanical Draft, are fitted with fans to improve the airflow through the tower which increases the evaporation rate of the water which increases the capacity of the tower. Mechanical Draft Towers are used just about everywhere including the HVAC industry.Generally a centrifugal fan is used to force the air into a tower, and tube axial (propeller) fans are used to induce the air out the tower.Mechanical towers are classified by the way the air flows through the water. (remember, the water always falls). </p>", "sourceUrl": "https://ibm.box.com/s/qiedpu07u0hu7bf0bepb3rc5h9f9jvk0", "id": "3", "title": "Evaporation"}