{"body": "Legionnaires' Disease", "contentHtml": "<p>&nbsp; Legionnaires Disease is a form of pneumonia that can be fatal. It is caused by the common bacteria Legionella Pneumophila Bacillus.<p>Legionella is found in moist environments such as Lakes, Rivers, Creeks, Mud and other water sources at temperatures ranging from approximately 5oC to 55oC. However no cases of Legionnaires’ Disease has been proven to have been caused by Legionella present in the natural environment.  All of the Legionnaires Disease outbreaks have been attributed to man made environments.  The optimum conditions for the multiplication of Legionella Bacteria has been shown to be between 35oC and 37oC  with an acid balance between pH 6.5  and pH 6.9. <p> COOLING WATER TOWERS and, EVAPORATIVE CONDENSERS provide this environment.The primary concern with the COOLING WATER TOWER is its ability to spread the Legionella over a vast area due to the Drift (aerosols) carrying the bacteria from the tower. The aerosols are small enough to get into the lungs.Operational and Servicing Checks of COOLING WATER TOWERs <p> Before working on any COOLING WATER TOWERs you must be aware and familiar with the followingLegislation - <b>The NSW Public Health Act 1991, Part 4</b>, and the <b>Regulation 2000</b> covers COOLING WATER TOWERs and lays out the laws controlling the maintenance and cleaning of COOLING WATER TOWERs, in the <p>Public Health Act</b>, a COOLING WATER TOWER is referred to as a <b>Regulated System</b>. Other states may have their own <b>statuary</b> requirements. StandardsAS/NZS3666 parts 1,2,3. Part 1 covers installation of Air Handling and Water Systems. Part 2, covers Operation and Maintenance. Part 3, covers control of Legionella through constant monitoring of water quality. In New South Wales the AS/NZS 3666 has been incorporated into the Public Health Act, so anything in AS/NZS 3666 is enforceable by the act. <b>Hand Book 32 (HB32)</b>, explains the Australian Standard 3666 and helps to show how some procedures are to be done. The New Zealand standard uses another publication. <p><b> Code of Practice </b>by the NSW Health Department explains what the Health Department wants done to control microbial growth. On page 29 of the <b>Code of Practice </b>it states that only competent persons be employed to carry out work on <b>regulated systems</b>. To be classed as competent, a person needs to have completed some form of recognized training. <font color='red'>Therefore it is recommended that any person that is required to work on a COOLING WATER TOWER complete a Health Department approved course.</font></p>", "sourceUrl": "https://ibm.box.com/s/qiedpu07u0hu7bf0bepb3rc5h9f9jvk0", "id": "1", "title": "General Operations"}