{"body": "This operating instruction is published as a guide for installing, operating and maintenance of forced draught industrial COOLING WATER TOWERS" , "contentHtml" : " <p> Introduction: OPERATING AND MAINTENANCE INSTRUCTIONS FOR COOLING WATER TOWERS TK-208, TK-209, TK-210 <p> This operating instruction is published as a guide for installing, operating and maintenance of forced draught industrial COOLING WATER TOWERs. Following these guidelines ensures a optimum performance and maximum service life of the equipment.If the instructions laid down in this guide are not observed, the manufacturer cannot be held responsible in case of damage.The general conditions of supply of Axima Refrigeration GmbH - which are an integral part of the order confirmation - are respectively effective.For technical details please refer to our order confirmation. Subject to technical modifications.For your kind attention:This guide is in the first place intended for the operating staff and should always be available. Its contents should be dealt with confidentially. The copyright remains the property of Axima Refrigeration GmbH, Lindau. We draw your attention to the fact that it is quite impossible to treat herein all probabilities. This means that the user is not exempted of the usual responsibilities connected with the use of technical machinery. It is, therefore, taken as granted that the operating staff is well instructed and knows how to handle this installation.No claims whatsoever could be enforced by the contents of this guide.If the user has no operational manual of his own, all maintenance and repair work could be recorded on page 21 of this guide. 2 Operation COOLING WATER TOWER s of type EWK-D(A) are mechanical draught series type COOLING WATER TOWER s working in counter flow principle. In this type of COOLING WATER TOWER  the water to be cooled is distributed evenly over a packing, which is ventilated from below with air. Inside this packing heat-and mass transfer takes place. The partial evaporation of water reduces the heat from the water circuit and transmits it to the air. Compared to dry coolers, with this type of wet  COOLING WATER TOWER s a lower water temperature can be achieved even in case of high air temperatures. </p>", "sourceUrl": "https://ibm.box.com/s/9zyvy82nb03z6tih6xfnoksqo0oa0j43", "id": "4", "title": "Operating and Maintenance Instructions"}

