{"body": "TCTC strongly recommends that a proper water treatment program be instituted at or before startup of your COOLING WATER TOWER system" , "contentHtml" : " <p> &nbsp; Typical Filtration System  Water from the cooling system is pumped through valve A (in the direction indicated) and into the overdrain assembly at the top of the filter tank. The water is distributed over the media bed where suspended solids are trapped between the particles as the water passes through. The filtered water drains from the tank through valve B (in the direction indicated) and returns to the system.1.3.1 WATER COMPOSITION FOR DIFFERENT MATERIALS OF CONSTRUCTION   (A) Towers in 304 Stainless Steel   In order to maximize service life from your 304SS COOLING WATER TOWER the circulating water should conform to the following:   pH between 4 and 10   Chloride ion concentration  < * See schedule below  Sulphate ion concentration  < 500 ppm  Fluoride ion concentration  <  7 ppm    Reducing acids e.g. sulphuric, for either pH control or de-scaling should not be used.  The use of hydrochloric acid for any purpose is not recommended.  If you require either pH control or to de-scale the tower and pack any of the following acids can be used: nitric, phosphoric, sulphamic, acetic, formic or citric in the appropriate concentrations.   * Temperature recycling through tower sump.   30°C -   40 ppm Chloride ion concentration  27°C -    70 ppm Chloride ion concentration  25°C-   100 ppm Chloride ion concentration  23°C-    150 ppm Chloride ion concentration  22°C -      180 ppm Chloride ion concentration   (B) Towers in 316 Stainless Steel   In order to maximize a satisfactory service life from your 316SS COOLING WATER TOWER the circulating water should conform to the following:   pH between 4 and 10 Reducing acids e.g. sulphuric, for either pH control or de-scaling should not be used.  The use of hydrochloric acid for any purpose is not recommended.  If you require either pH control or to de-scale the tower and pack any of the following acids can be used: nitric, phosphoric, sulphamic, acetic, formic or citric in the appropriate concentrations.   If you intend to operate the tower(s) outside of this range, then please seek the advice from your local TCTC representative, as well as your professional water treater. </p>", "sourceUrl": "https://ibm.box.com/s/m8lgavskc4mn8xp1d8emp9pfeo6ac4w1", "id": "8", "title": "WATER TREATMENT AT START-UP "}