USER_ID,FB_POSTS
14754,"Ugg, If I hear that stupid Bruno Mars song again I'm going to throw this radio out of the window!"
120021,I really like all of Janet Jackson's songs.
120021,Music is cool and i like it
14754,Ughhh...if I hear another Luis Fonsi song on the radio I'm literally going to throw my radio out of the window.
14754,Ughhh...if I hear another Luis Fonsi song on the radio I'm literally going to throw my radio out of the window.
57005,Everyone loved music. Lets get some music at the music store.